<?xml version="1.0" encoding="UTF-8"?>
<project xmlns="http://maven.apache.org/POM/4.0.0" xmlns:xsi="http://www.w3.org/2001/XMLSchema-instance" xsi:schemaLocation="http://maven.apache.org/POM/4.0.0 http://maven.apache.org/maven-v4_0_0.xsd">
  <modelVersion>4.0.0</modelVersion>
  <groupId>edu.kit.scc.git</groupId>
  <artifactId>KodeX</artifactId>
  <version>0.0.1-SNAPSHOT</version>
  <build>
    <pluginManagement>
      <plugins>
        <plugin>
          <artifactId>maven-surefire-plugin</artifactId>
          <version>3.0.0-M5</version>
        </plugin>
        <plugin>
          <artifactId>maven-checkstyle-plugin</artifactId>
          <version>3.1.1</version>
          <dependencies>
            <dependency>
              <groupId>com.puppycrawl.tools</groupId>
              <artifactId>checkstyle</artifactId>
              <version>8.35</version>
            </dependency>
          </dependencies>
        </plugin>
        <plugin>
          <groupId>org.openjfx</groupId>
          <artifactId>javafx-maven-plugin</artifactId>
          <version>0.0.4</version>
        </plugin>
        <plugin>
          <groupId>org.jacoco</groupId>
          <artifactId>jacoco-maven-plugin</artifactId>
          <version>0.8.5</version>
        </plugin>
      </plugins>
    </pluginManagement>
    <plugins>
      <plugin>
        <artifactId>maven-compiler-plugin</artifactId>
        <version>3.8.0</version>
        <configuration>
          <release>11</release>
        </configuration>
      </plugin>
      <plugin>
        <artifactId>maven-surefire-plugin</artifactId>
        <executions>
          <execution>
            <id>default-test</id>
            <phase>test</phase>
            <goals>
              <goal>test</goal>
            </goals>
          </execution>
        </executions>
      </plugin>
      <plugin>
        <groupId>org.openjfx</groupId>
        <artifactId>javafx-maven-plugin</artifactId>
        <configuration>
          <mainClass>kodex.KodeX/kodex.MainApp</mainClass>
          <compress>2</compress>
          <noHeaderFiles>true</noHeaderFiles>
          <noManPages>true</noManPages>
          <launcher>launchKodex</launcher>
          <jlinkImageName>kodex</jlinkImageName>
          <jlinkZipName>kodexzip</jlinkZipName>
          <stripDebug>true</stripDebug>
        </configuration>
      </plugin>
      <plugin>
        <artifactId>maven-checkstyle-plugin</artifactId>
        <configuration>
          <configLocation>codestyle/google_checks.xml</configLocation>
          <excludes>**/module-info.java,**/target/**/*</excludes>
          <encoding>UTF-8</encoding>
          <consoleOutput>true</consoleOutput>
          <failsOnError>true</failsOnError>
          <violationSeverity>warning</violationSeverity>
          <failOnViolation>true</failOnViolation>
          <linkXRef>false</linkXRef>
        </configuration>
      </plugin>
      <plugin>
        <groupId>org.jacoco</groupId>
        <artifactId>jacoco-maven-plugin</artifactId>
        <executions>
          <execution>
            <id>default-prepare-agent</id>
            <goals>
              <goal>prepare-agent</goal>
            </goals>
          </execution>
          <execution>
            <id>default-repor</id>
            <phase>test</phase>
            <goals>
              <goal>report</goal>
            </goals>
            <configuration>
              <outputDirectory>target/jacoco-report</outputDirectory>
            </configuration>
          </execution>
        </executions>
      </plugin>
      <plugin>
        <artifactId>maven-shade-plugin</artifactId>
        <version>3.2.4</version>
        <executions>
          <execution>
            <phase>install</phase>
            <goals>
              <goal>shade</goal>
            </goals>
            <configuration>
              <filters>
                <filter>
                  <artifact>*:*</artifact>
                  <excludes>
                    <exclude>META-INF/*.SF</exclude>
                    <exclude>META-INF/*.DSA</exclude>
                    <exclude>META-INF/*.RSA</exclude>
                  </excludes>
                </filter>
              </filters>
              <transformers>
                <transformer>
                  <mainClass>kodex.MainApp</mainClass>
                </transformer>
              </transformers>
            </configuration>
          </execution>
        </executions>
      </plugin>
    </plugins>
  </build>
  <dependencies>
    <dependency>
      <groupId>org.junit.jupiter</groupId>
      <artifactId>junit-jupiter-api</artifactId>
      <version>5.7.0-M1</version>
      <scope>test</scope>
      <exclusions>
        <exclusion>
          <artifactId>apiguardian-api</artifactId>
          <groupId>org.apiguardian</groupId>
        </exclusion>
        <exclusion>
          <artifactId>opentest4j</artifactId>
          <groupId>org.opentest4j</groupId>
        </exclusion>
        <exclusion>
          <artifactId>junit-platform-commons</artifactId>
          <groupId>org.junit.platform</groupId>
        </exclusion>
      </exclusions>
    </dependency>
    <dependency>
      <groupId>org.junit.jupiter</groupId>
      <artifactId>junit-jupiter-engine</artifactId>
      <version>5.7.0-M1</version>
      <scope>test</scope>
      <exclusions>
        <exclusion>
          <artifactId>junit-platform-engine</artifactId>
          <groupId>org.junit.platform</groupId>
        </exclusion>
        <exclusion>
          <artifactId>apiguardian-api</artifactId>
          <groupId>org.apiguardian</groupId>
        </exclusion>
      </exclusions>
    </dependency>
  </dependencies>
  <reporting>
    <plugins>
      <plugin>
        <artifactId>maven-checkstyle-plugin</artifactId>
        <version>3.1.1</version>
        <reportSets>
          <reportSet>
            <reports>
              <report>codestyle/google_checks.xml</report>
            </reports>
          </reportSet>
        </reportSets>
      </plugin>
    </plugins>
  </reporting>
  <properties>
    <maven.compiler.target>11</maven.compiler.target>
    <maven.compiler.source>11</maven.compiler.source>
    <project.build.sourceEncoding>UTF-8</project.build.sourceEncoding>
  </properties>
</project>
